State,District,Latitude_x,Longitude_x,Latitude_y,Longitude_y,Region
Andaman and Nicobar Islands,North and Middle Andaman,11.55482845,92.23849,11.55482845,92.23849,Southern Region
Andaman and Nicobar Islands,South Andaman,10.7056905,92.48746789633373,10.7056905,92.48746789633373,Southern Region
Andaman and Nicobar Islands,Nicobars,10.7056905,92.48746789633373,10.7056905,92.48746789633373,Southern Region
Andhra Pradesh,East Godavari,17.233496,81.7225986,17.233496,81.7225986,Southern Region
Andhra Pradesh,Srikakulam,17.233496,81.7225986,17.233496,81.7225986,Southern Region
Andhra Pradesh,Spsr Nellore,14.71875825,79.65961022770595,14.71875825,79.65961022770595,Southern Region
Andhra Pradesh,Vizianagaram,18.110744,83.386585,18.110744,83.386585,Southern Region
Andhra Pradesh,Visakhapatnam,18.110744,83.386585,18.110744,83.386585,Southern Region
Andhra Pradesh,Prakasam,15.2282086,79.87449940066091,15.2282086,79.87449940066091,Southern Region
Andhra Pradesh,Anantapur,15.2282086,79.87449940066091,15.2282086,79.87449940066091,Southern Region
Andhra Pradesh,Ysr,17.0771387,81.6653938,17.0771387,81.6653938,Southern Region
Andhra Pradesh,West Godavari,16.9550574,81.4530037,16.9550574,81.4530037,Southern Region
Andhra Pradesh,Kurnool,15.8344103,78.0499956,15.8344103,78.0499956,Southern Region
Andhra Pradesh,Chittoor,13.0108668,79.2249071,13.0108668,79.2249071,Southern Region
Andhra Pradesh,Guntur,13.0108668,79.2249071,13.0108668,79.2249071,Southern Region
Andhra Pradesh,Krishna,17.0347692,81.7819183,17.0347692,81.7819183,Southern Region
Arunachal Pradesh,Lower Dibang Valley,17.0347692,81.7819183,17.0347692,81.7819183,North-Eastern Region
Arunachal Pradesh,Lower Subansiri,27.8,93.6,27.8,93.6,North-Eastern Region
Arunachal Pradesh,Longding,27.8,93.6,27.8,93.6,North-Eastern Region
Arunachal Pradesh,West Siang,28.4,94.55,28.4,94.55,North-Eastern Region
Arunachal Pradesh,Kamle,28.4,94.55,28.4,94.55,North-Eastern Region
Arunachal Pradesh,Upper Siang,28.6416983,95.0252232,28.6416983,95.0252232,North-Eastern Region
Arunachal Pradesh,Tirap,27.5013437,96.5242944,27.5013437,96.5242944,North-Eastern Region
Arunachal Pradesh,Papum Pare,27.5013437,96.5242944,27.5013437,96.5242944,North-Eastern Region
Arunachal Pradesh,Kurung Kumey,27.98636765,93.15783468644102,27.98636765,93.15783468644102,North-Eastern Region
Arunachal Pradesh,Siang,28.477492,94.81655728795752,28.477492,94.81655728795752,North-Eastern Region
Arunachal Pradesh,Lower Siang,28.477492,94.81655728795752,28.477492,94.81655728795752,North-Eastern Region
Arunachal Pradesh,Kra Daadi,27.9366293,92.6658618,27.9366293,92.6658618,North-Eastern Region
Arunachal Pradesh,Changlang,27.272007,96.06552596101916,27.272007,96.06552596101916,North-Eastern Region
Arunachal Pradesh,Pakke Kessang,27.1061731,92.9311395,27.1061731,92.9311395,North-Eastern Region
Arunachal Pradesh,Dibang Valley,28.8291044,95.95540957636018,28.8291044,95.95540957636018,North-Eastern Region
Arunachal Pradesh,West Kameng,27.33862695,92.43336623881612,27.33862695,92.43336623881612,North-Eastern Region
Arunachal Pradesh,East Siang,28.3,95.15,28.3,95.15,North-Eastern Region
Arunachal Pradesh,Upper Subansiri,28.3,94.0,28.3,94.0,North-Eastern Region
Arunachal Pradesh,East Kameng,27.55778095,92.96738426595108,27.55778095,92.96738426595108,North-Eastern Region
Arunachal Pradesh,Lohit,28.0060625,96.2431946,28.0060625,96.2431946,North-Eastern Region
Arunachal Pradesh,Lepa Rada,28.0060625,96.2431946,28.0060625,96.2431946,North-Eastern Region
Arunachal Pradesh,Tawang,27.6741942,91.93620587613825,27.6741942,91.93620587613825,North-Eastern Region
Arunachal Pradesh,Namsai,27.6741942,91.93620587613825,27.6741942,91.93620587613825,North-Eastern Region
Arunachal Pradesh,Anjaw,28.1114301,96.82699963398372,28.1114301,96.82699963398372,North-Eastern Region
Arunachal Pradesh,Shi Yomi,28.1114301,96.82699963398372,28.1114301,96.82699963398372,North-Eastern Region
Assam,Tinsukia,27.5971709,95.566852920138,27.5971709,95.566852920138,North-Eastern Region
Assam,Lakhimpur,27.2382645,94.1053145,27.2382645,94.1053145,North-Eastern Region
Assam,Kamrup,26.2074223,91.6771799,26.2074223,91.6771799,North-Eastern Region
Assam,Kokrajhar,26.2074223,91.6771799,26.2074223,91.6771799,North-Eastern Region
Assam,Karbi Anglong,26.0,93.5,26.0,93.5,North-Eastern Region
Assam,Sivasagar,26.0,93.5,26.0,93.5,North-Eastern Region
Assam,Dibrugarh,27.4881672,95.3623358,27.4881672,95.3623358,North-Eastern Region
Assam,South Salmara Mancachar,27.4881672,95.3623358,27.4881672,95.3623358,North-Eastern Region
Assam,Nagaon,27.4881672,95.3623358,27.4881672,95.3623358,North-Eastern Region
Assam,Dhubri,25.543251265569022,87.56949075116762,25.543251265569022,87.56949075116762,North-Eastern Region
Assam,Golaghat,26.5305611,93.9603353,26.5305611,93.9603353,North-Eastern Region
Assam,Udalguri,26.70472375,92.04215071409465,26.70472375,92.04215071409465,North-Eastern Region
Assam,Majuli,26.70472375,92.04215071409465,26.70472375,92.04215071409465,North-Eastern Region
Assam,Sonitpur,26.70472375,92.04215071409465,26.70472375,92.04215071409465,North-Eastern Region
Assam,Hojai,26.70472375,92.04215071409465,26.70472375,92.04215071409465,North-Eastern Region
Assam,Marigaon,26.70472375,92.04215071409465,26.70472375,92.04215071409465,North-Eastern Region
Assam,Chirang,26.70472375,92.04215071409465,26.70472375,92.04215071409465,North-Eastern Region
Assam,Cachar,25.083333,92.916667,25.083333,92.916667,North-Eastern Region
Assam,Nalbari,25.083333,92.916667,25.083333,92.916667,North-Eastern Region
Assam,West Karbi Anglong,25.083333,92.916667,25.083333,92.916667,North-Eastern Region
Assam,Dhemaji,27.5945155,94.71920979201424,27.5945155,94.71920979201424,North-Eastern Region
Assam,Karimganj,24.86648155,92.35121508187882,24.86648155,92.35121508187882,North-Eastern Region
Assam,Bongaigaon,24.86648155,92.35121508187882,24.86648155,92.35121508187882,North-Eastern Region
Assam,Dima Hasao,25.40036255,93.07522922678903,25.40036255,93.07522922678903,North-Eastern Region
Assam,Baksa,25.40036255,93.07522922678903,25.40036255,93.07522922678903,North-Eastern Region
Assam,Charaideo,25.40036255,93.07522922678903,25.40036255,93.07522922678903,North-Eastern Region
Assam,Darrang,26.75,92.5,26.75,92.5,North-Eastern Region
Assam,Kamrup Metropolitan,26.75,92.5,26.75,92.5,North-Eastern Region
Assam,Hailakandi,24.6827307,92.5622753,24.6827307,92.5622753,North-Eastern Region
Assam,Barpeta,24.6827307,92.5622753,24.6827307,92.5622753,North-Eastern Region
Assam,Goalpara,24.6827307,92.5622753,24.6827307,92.5622753,North-Eastern Region
Assam,Biswanath,24.6827307,92.5622753,24.6827307,92.5622753,North-Eastern Region
Assam,Jorhat,26.7586112,94.20640848109768,26.7586112,94.20640848109768,North-Eastern Region
Bihar,Madhepura,26.7586112,94.20640848109768,26.7586112,94.20640848109768,Eastern Region
Bihar,Purnia,25.774436,87.410032125,25.774436,87.410032125,Eastern Region
Bihar,Nalanda,25.4374355,85.2919909,25.4374355,85.2919909,Eastern Region
Bihar,Buxar,25.4374355,85.2919909,25.4374355,85.2919909,Eastern Region
Bihar,Darbhanga,25.4374355,85.2919909,25.4374355,85.2919909,Eastern Region
Bihar,Nawada,24.7270817,84.5693914,24.7270817,84.5693914,Eastern Region
Bihar,Jamui,24.7270817,84.5693914,24.7270817,84.5693914,Eastern Region
Bihar,Sheikhpura,24.7270817,84.5693914,24.7270817,84.5693914,Eastern Region
Bihar,Siwan,26.166667,84.5,26.166667,84.5,Eastern Region
Bihar,Muzaffarpur,26.1667052,85.4166314,26.1667052,85.4166314,Eastern Region
Bihar,Patna,25.46737665,85.19581528126407,25.46737665,85.19581528126407,Eastern Region
Bihar,Jehanabad,25.46737665,85.19581528126407,25.46737665,85.19581528126407,Eastern Region
Bihar,Rohtas,24.93928775,84.01945448852067,24.93928775,84.01945448852067,Eastern Region
Bihar,Begusarai,25.5,86.25,25.5,86.25,Eastern Region
Bihar,Supaul,25.5,86.25,25.5,86.25,Eastern Region
Bihar,Sitamarhi,26.666667,85.5,26.666667,85.5,Eastern Region
Bihar,Saran,25.6085763,85.1993479,25.6085763,85.1993479,Eastern Region
Bihar,Arwal,25.2320301,84.6775384,25.2320301,84.6775384,Eastern Region
Bihar,Vaishali,25.696274,85.2228359,25.696274,85.2228359,Eastern Region
Bihar,Pashchim Champaran,27.0,84.5,27.0,84.5,Eastern Region
Bihar,Gopalganj,26.5,84.333333,26.5,84.333333,Eastern Region
Bihar,Lakhisarai,25.2830169,86.0190997,25.2830169,86.0190997,Eastern Region
Bihar,Aurangabad,24.80340125,84.41113582469077,24.80340125,84.41113582469077,Eastern Region
Bihar,Kaimur Bhabua,24.75750955,83.72099680873878,24.75750955,83.72099680873878,Eastern Region
Bihar,Araria,26.3415664,87.9374027,26.3415664,87.9374027,Eastern Region
Bihar,Munger,25.3795105,86.4626467597708,25.3795105,86.4626467597708,Eastern Region
Bihar,Katihar,25.54325126556669,87.56777308657826,25.54325126556669,87.56777308657826,Eastern Region
Bihar,Khagaria,25.50877,86.4756484,25.50877,86.4756484,Eastern Region
Bihar,Saharsa,25.8875611,86.5901104,25.8875611,86.5901104,Eastern Region
Bihar,Bhagalpur,25.0,86.916667,25.0,86.916667,Eastern Region
Bihar,Madhubani,25.0,86.916667,25.0,86.916667,Eastern Region
Bihar,Kishanganj,26.29863795,87.95314810923409,26.29863795,87.95314810923409,Eastern Region
Bihar,Gaya,25.6058077,85.088915,25.6058077,85.088915,Eastern Region
Bihar,Samastipur,25.75,85.916667,25.75,85.916667,Eastern Region
Bihar,Banka,24.8926007,86.9140729,24.8926007,86.9140729,Eastern Region
Bihar,Purbi Champaran,24.8926007,86.9140729,24.8926007,86.9140729,Eastern Region
Bihar,Sheohar,24.8926007,86.9140729,24.8926007,86.9140729,Eastern Region
Bihar,Bhojpur,25.25,84.25,25.25,84.25,Eastern Region
Chandigarh,Chandigarh,25.25,84.25,25.25,84.25,Northern Region
Chhattisgarh,Dhamtari,20.7077641,81.5396928,20.7077641,81.5396928,Central Region
Chhattisgarh,Korba,22.5198217,82.63500285150224,22.5198217,82.63500285150224,Central Region
Chhattisgarh,Surajpur,23.209675,82.880353,23.209675,82.880353,Central Region
Chhattisgarh,Baloda Bazar,21.6632098,82.1493121,21.6632098,82.1493121,Central Region
Chhattisgarh,Sukma,18.3853241,81.65120264041536,18.3853241,81.65120264041536,Central Region
Chhattisgarh,Raigarh,22.23617945,83.35295335037318,22.23617945,83.35295335037318,Central Region
Chhattisgarh,Janjgir Champa,22.23617945,83.35295335037318,22.23617945,83.35295335037318,Central Region
Chhattisgarh,Jashpur,22.8825209,84.1362145,22.8825209,84.1362145,Central Region
Chhattisgarh,Balod,22.8825209,84.1362145,22.8825209,84.1362145,Central Region
Chhattisgarh,Kabirdham,22.8825209,84.1362145,22.8825209,84.1362145,Central Region
Chhattisgarh,Surguja,22.94691345,83.1656942260687,22.94691345,83.1656942260687,Central Region
Chhattisgarh,Dantewada,18.9090479,81.3427523,18.9090479,81.3427523,Central Region
Chhattisgarh,Gariyaband,18.9090479,81.3427523,18.9090479,81.3427523,Central Region
Chhattisgarh,Durg,21.1874054,81.2793137,21.1874054,81.2793137,Central Region
Chhattisgarh,Rajnandgaon,21.166667,81.0,21.166667,81.0,Central Region
Chhattisgarh,Raipur,21.2317387,81.6401796,21.2317387,81.6401796,Central Region
Chhattisgarh,Narayanpur,19.723781,81.2336786,19.723781,81.2336786,Central Region
Chhattisgarh,Kanker,20.2647118,81.4951987,20.2647118,81.4951987,Central Region
Chhattisgarh,Korea,20.2647118,81.4951987,20.2647118,81.4951987,Central Region
Chhattisgarh,Mungeli,20.2647118,81.4951987,20.2647118,81.4951987,Central Region
Chhattisgarh,Bilaspur,22.4082821,82.3921724,22.4082821,82.3921724,Central Region
Chhattisgarh,Balrampur,23.616665,83.618798,23.616665,83.618798,Central Region
Chhattisgarh,Bijapur,18.7935679,80.815939,18.7935679,80.815939,Central Region
Chhattisgarh,Bemetara,21.7020322,81.5337224,21.7020322,81.5337224,Central Region
Chhattisgarh,Bastar,19.25,81.25,19.25,81.25,Central Region
Chhattisgarh,Kondagaon,19.25,81.25,19.25,81.25,Central Region
Chhattisgarh,Mahasamund,21.113837,82.092952,21.113837,82.092952,Central Region
Dadra and Nagar Haveli and Daman and Diu,Diu,20.7159534,70.9785005,20.7159534,70.9785005,Western Region
Dadra and Nagar Haveli and Daman and Diu,Daman,20.416667,72.883333,20.416667,72.883333,Western Region
Dadra and Nagar Haveli and Daman and Diu,Dadra and Nagar Haveli,20.32272882809029,72.96509449334391,20.32272882809029,72.96509449334391,Western Region
Delhi,South Delhi,28.53748398786314,77.19792895694593,28.53748398786314,77.19792895694593,Northern Region
Delhi,Central Delhi,28.71578752764242,77.1148936441799,28.71578752764242,77.1148936441799,Northern Region
Delhi,New Delhi,28.6162182361102,77.20963693950131,28.6162182361102,77.20963693950131,Northern Region
Delhi,West Delhi,28.64817722181,77.09084510018437,28.64817722181,77.09084510018437,Northern Region
Delhi,South West Delhi,28.60195304371949,77.035530803848,28.60195304371949,77.035530803848,Northern Region
Delhi,South East Delhi,28.53562293151731,77.26959444749815,28.53562293151731,77.26959444749815,Northern Region
Delhi,Shahdara,28.67761171690832,77.290354062108,28.67761171690832,77.290354062108,Northern Region
Delhi,North East Delhi,28.70729655487928,77.266131587231,28.70729655487928,77.266131587231,Northern Region
Delhi,East Delhi,28.54206225591,77.295723161089,28.54206225591,77.295723161089,Northern Region
Delhi,North West Delhi,28.7022706718,77.105726065556,28.7022706718,77.105726065556,Northern Region
Delhi,North Delhi,28.72837890951385,77.1672315398,28.72837890951385,77.1672315398,Northern Region
Goa,North Goa,15.5368654988401,73.86949663890636,15.5368654988401,73.86949663890636,Southern Region
Goa,South Goa,15.29079185,73.9549078343693,15.29079185,73.9549078343693,Southern Region
Gujarat,Anand,22.4742502,72.7367582116444,22.4742502,72.7367582116444,Western Region
Gujarat,Jamnagar,22.31008,70.10300203232322,22.31008,70.10300203232322,Western Region
Gujarat,Devbhumi Dwarka,22.2444759,68.96800187672852,22.2444759,68.96800187672852,Western Region
Gujarat,Rajkot,22.8159425,70.8316013,22.8159425,70.8316013,Western Region
Gujarat,Aravallis,22.8159425,70.8316013,22.8159425,70.8316013,Western Region
Gujarat,Chhotaudepur,22.8159425,70.8316013,22.8159425,70.8316013,Western Region
Gujarat,Botad,22.0456765,71.67217572593728,22.0456765,71.67217572593728,Western Region
Gujarat,Bharuch,21.82728385,72.89461378721509,21.82728385,72.89461378721509,Western Region
Gujarat,Bhavnagar,21.56228915,71.90747307960464,21.56228915,71.90747307960464,Western Region
Gujarat,Junagadh,21.340255,70.42022268315017,21.340255,70.42022268315017,Western Region
Gujarat,Mahesana,23.57070915,72.44523648734277,23.57070915,72.44523648734277,Western Region
Gujarat,The Dangs,20.75,73.75,20.75,73.75,Western Region
Gujarat,Kheda,22.8548705,72.99330606361002,22.8548705,72.99330606361002,Western Region
Gujarat,Surat,21.4626896,72.9515165,21.4626896,72.9515165,Western Region
Gujarat,Porbandar,21.6021982,69.85433746437499,21.6021982,69.85433746437499,Western Region
Gujarat,Gandhinagar,23.2813262,72.65577884095586,23.2813262,72.65577884095586,Western Region
Gujarat,Panch Mahals,23.0,74.0,23.0,74.0,Western Region
Gujarat,Narmada,21.73830395,73.62736015921328,21.73830395,73.62736015921328,Western Region
Gujarat,Gir Somnath,20.9911049,70.68806405046848,20.9911049,70.68806405046848,Western Region
Gujarat,Valsad,20.3828686,72.9038814,20.3828686,72.9038814,Western Region
Gujarat,Mahisagar,23.1916967,73.6626352964019,23.1916967,73.6626352964019,Western Region
Gujarat,Sabar Kantha,23.8689411,73.01447412154508,23.8689411,73.01447412154508,Western Region
Gujarat,Tapi,21.1909141,73.55541085745186,21.1909141,73.55541085745186,Western Region
Gujarat,Vadodara,22.3182519,73.30458875965446,22.3182519,73.30458875965446,Western Region
Gujarat,Banas Kantha,24.26960875,72.16210994579416,24.26960875,72.16210994579416,Western Region
Gujarat,Amreli,21.4191439,71.25276407265991,21.4191439,71.25276407265991,Western Region
Gujarat,Ahmadabad,23.0216238,72.5797068,23.0216238,72.5797068,Western Region
Gujarat,Dohad,23.0216238,72.5797068,23.0216238,72.5797068,Western Region
Gujarat,Navsari,20.952407,72.9323831,20.952407,72.9323831,Western Region
Gujarat,Patan,20.96661175,70.42921752675778,20.96661175,70.42921752675778,Western Region
Gujarat,Kachchh,23.2396061,69.6734288,23.2396061,69.6734288,Western Region
Gujarat,Surendranagar,22.823085,71.55342628734127,22.823085,71.55342628734127,Western Region
Gujarat,Morbi,22.79314,70.88832711034716,22.79314,70.88832711034716,Western Region
Haryana,Yamunanagar,22.79314,70.88832711034716,22.79314,70.88832711034716,Northern Region
Haryana,Sonipat,22.79314,70.88832711034716,22.79314,70.88832711034716,Northern Region
Haryana,Jind,29.5,76.25,29.5,76.25,Northern Region
Haryana,Rohtak,28.8995429,76.5844714,28.8995429,76.5844714,Northern Region
Haryana,Faridabad,28.3526818,77.2778173,28.3526818,77.2778173,Northern Region
Haryana,Mahendragarh,28.3526818,77.2778173,28.3526818,77.2778173,Northern Region
Haryana,Hisar,29.1699202,75.7185553,29.1699202,75.7185553,Northern Region
Haryana,Karnal,29.6943382,77.00424800442084,29.6943382,77.00424800442084,Northern Region
Haryana,Fatehabad,29.6943382,77.00424800442084,29.6943382,77.00424800442084,Northern Region
Haryana,Palwal,29.6943382,77.00424800442084,29.6943382,77.00424800442084,Northern Region
Haryana,Charkhi Dadri,28.6508033,76.2406402,28.6508033,76.2406402,Northern Region
Haryana,Ambala,28.9841361,75.6039914,28.9841361,75.6039914,Northern Region
Haryana,Rewari,28.2169291,76.58118448832133,28.2169291,76.58118448832133,Northern Region
Haryana,Panchkula,30.7108567,76.845983,30.7108567,76.845983,Northern Region
Haryana,Bhiwani,28.7312325,75.892349866212,28.7312325,75.892349866212,Northern Region
Haryana,Sirsa,28.7312325,75.892349866212,28.7312325,75.892349866212,Northern Region
Haryana,Mewat,28.7312325,75.892349866212,28.7312325,75.892349866212,Northern Region
Haryana,Panipat,28.7312325,75.892349866212,28.7312325,75.892349866212,Northern Region
Haryana,Gurugram,28.4492944,77.03065871006021,28.4492944,77.03065871006021,Northern Region
Haryana,Kaithal,28.4492944,77.03065871006021,28.4492944,77.03065871006021,Northern Region
Haryana,Kurukshetra,30.0,76.75,30.0,76.75,Northern Region
Haryana,Jhajjar,30.0,76.75,30.0,76.75,Northern Region
Himachal Pradesh,Bilaspur,32.0292,76.1514,32.0292,76.1514,Northern Region
Himachal Pradesh,Solan,30.0,76.75,30.0,76.75,Northern Region
Himachal Pradesh,Sirmaur,30.75,77.5,30.75,77.5,Northern Region
Himachal Pradesh,Shimla,30.75,77.5,30.75,77.5,Northern Region
Himachal Pradesh,Hamirpur,31.7491333,76.5036832,31.7491333,76.5036832,Northern Region
Himachal Pradesh,Una,31.4674349,76.2650802,31.4674349,76.2650802,Northern Region
Himachal Pradesh,Kangra,32.213356899999994,76.32112520307928,32.213356899999994,76.32112520307928,Northern Region
Himachal Pradesh,Kullu,32.213356899999994,76.32112520307928,32.213356899999994,76.32112520307928,Northern Region
Himachal Pradesh,Mandi,32.5338976,76.0157454,32.5338976,76.0157454,Northern Region
Himachal Pradesh,Lahul and Spiti,32.5338976,76.0157454,32.5338976,76.0157454,Northern Region
Himachal Pradesh,Chamba,32.69301,76.16363499125694,32.69301,76.16363499125694,Northern Region
Himachal Pradesh,Kinnaur,31.5864184,78.396745,31.5864184,78.396745,Northern Region
Jammu and Kashmir,Muzaffarabad,30.0417376,79.089691,30.0417376,79.089691,Northern Region
Jammu and Kashmir,Doda,33.13260995,75.58900789003377,33.13260995,75.58900789003377,Northern Region
Jammu and Kashmir,Samba,32.57591175,75.12034455530063,32.57591175,75.12034455530063,Northern Region
Jammu and Kashmir,Mirpur,33.2033829,73.78971926402036,33.2033829,73.78971926402036,Northern Region
Jammu and Kashmir,Srinagar,34.1163836,74.93070225429341,34.1163836,74.93070225429341,Northern Region
Jammu and Kashmir,Baramulla,34.176364050000004,74.31644115645875,34.176364050000004,74.31644115645875,Northern Region
Jammu and Kashmir,Jammu,32.7681864,74.92113175477952,32.7681864,74.92113175477952,Northern Region
Jammu and Kashmir,Ganderbal,34.28885605000001,75.02959807422316,34.28885605000001,75.02959807422316,Northern Region
Jammu and Kashmir,Udhampur,32.911964,75.32658448914768,32.911964,75.32658448914768,Northern Region
Jammu and Kashmir,Bandipore,34.4563234,74.68249997667994,34.4563234,74.68249997667994,Northern Region
Jammu and Kashmir,Reasi,33.20599085,74.862679360101,33.20599085,74.862679360101,Northern Region
Jammu and Kashmir,Shopian,33.72078365,74.77142439698211,33.72078365,74.77142439698211,Northern Region
Jammu and Kashmir,Poonch,33.702939,74.24990151547188,33.702939,74.24990151547188,Northern Region
Jammu and Kashmir,Kathua,32.5825837,75.61047967120052,32.5825837,75.61047967120052,Northern Region
Jammu and Kashmir,Kishtwar,33.61562,75.87939724344325,33.61562,75.87939724344325,Northern Region
Jammu and Kashmir,Pulwama,33.9490472,75.04183347471374,33.9490472,75.04183347471374,Northern Region
Jammu and Kashmir,Ramban,33.33328915,75.19847626653356,33.33328915,75.19847626653356,Northern Region
Jammu and Kashmir,Rajouri,33.26636775,74.34384695789798,33.26636775,74.34384695789798,Northern Region
Jammu and Kashmir,Kulgam,33.6250902,74.69488802561563,33.6250902,74.69488802561563,Northern Region
Jammu and Kashmir,Budgam,33.909931900000004,74.6291442577981,33.909931900000004,74.6291442577981,Northern Region
Jammu and Kashmir,Anantnag,33.8096849,75.24945269877892,33.8096849,75.24945269877892,Northern Region
Jammu and Kashmir,Kupwara,34.5140696,74.19136702721829,34.5140696,74.19136702721829,Northern Region
Jharkhand,Ramgarh,34.5140696,74.19136702721829,34.5140696,74.19136702721829,Eastern Region
Jharkhand,Ranchi,23.0,85.0,23.0,85.0,Eastern Region
Jharkhand,East Singhbhum,23.0,85.0,23.0,85.0,Eastern Region
Jharkhand,Jamtara,23.0,85.0,23.0,85.0,Eastern Region
Jharkhand,Dumka,24.26618475,87.25313851905128,24.26618475,87.25313851905128,Eastern Region
Jharkhand,Koderma,24.26618475,87.25313851905128,24.26618475,87.25313851905128,Eastern Region
Jharkhand,Hazaribagh,24.26618475,87.25313851905128,24.26618475,87.25313851905128,Eastern Region
Jharkhand,Simdega,24.26618475,87.25313851905128,24.26618475,87.25313851905128,Eastern Region
Jharkhand,Garhwa,24.26618475,87.25313851905128,24.26618475,87.25313851905128,Eastern Region
Jharkhand,Saraikela Kharsawan,24.26618475,87.25313851905128,24.26618475,87.25313851905128,Eastern Region
Jharkhand,Gumla,23.1603759,84.45995652080032,23.1603759,84.45995652080032,Eastern Region
Jharkhand,Chatra,24.9303981,87.82697147981766,24.9303981,87.82697147981766,Eastern Region
Jharkhand,Khunti,24.9303981,87.82697147981766,24.9303981,87.82697147981766,Eastern Region
Jharkhand,Dhanbad,25.18749095,87.74432799719577,25.18749095,87.74432799719577,Eastern Region
Jharkhand,Godda,25.11124865,87.58268862604885,25.11124865,87.58268862604885,Eastern Region
Jharkhand,Deoghar,25.11124865,87.58268862604885,25.11124865,87.58268862604885,Eastern Region
Jharkhand,Palamu,23.916667,84.083333,23.916667,84.083333,Eastern Region
Jharkhand,Latehar,23.916667,84.083333,23.916667,84.083333,Eastern Region
Jharkhand,West Singhbhum,23.916667,84.083333,23.916667,84.083333,Eastern Region
Jharkhand,Pakur,23.916667,84.083333,23.916667,84.083333,Eastern Region
Jharkhand,Lohardaga,23.43141321078923,84.6772535683834,23.43141321078923,84.6772535683834,Eastern Region
Jharkhand,Sahebganj,25.032043700000003,87.69143108001742,25.032043700000003,87.69143108001742,Eastern Region
Jharkhand,Giridih,24.25,85.916667,24.25,85.916667,Eastern Region
Jharkhand,Bokaro,24.25,85.916667,24.25,85.916667,Eastern Region
Karnataka,Mysuru,12.1988434,76.61353212165531,12.1988434,76.61353212165531,Southern Region
Karnataka,Chitradurga,14.3051049,76.52948762295526,14.3051049,76.52948762295526,Southern Region
Karnataka,Kalaburagi,17.24191785,76.7753828143516,17.24191785,76.7753828143516,Southern Region
Karnataka,Ramanagara,12.72465905,77.32018505519862,12.72465905,77.32018505519862,Southern Region
Karnataka,Mandya,12.6336348,76.73023183296073,12.6336348,76.73023183296073,Southern Region
Karnataka,Kodagu,12.2335192,76.2818865,12.2335192,76.2818865,Southern Region
Karnataka,Chikkamagaluru,13.4005751,75.6327382353719,13.4005751,75.6327382353719,Southern Region
Karnataka,Haveri,14.714635,75.38456743047416,14.714635,75.38456743047416,Southern Region
Karnataka,Ballari,15.34594225,76.82043303614613,15.34594225,76.82043303614613,Southern Region
Karnataka,Belagavi,15.8572666,74.5069343,15.8572666,74.5069343,Southern Region
Karnataka,Kolar,13.1794187,78.26805837975584,13.1794187,78.26805837975584,Southern Region
Karnataka,Uttara Kannada,14.883333,74.583333,14.883333,74.583333,Southern Region
Karnataka,Tumakuru,13.3400771,77.1006208,13.3400771,77.1006208,Southern Region
Karnataka,Yadgir,16.7670964,77.1403984,16.7670964,77.1403984,Southern Region
Karnataka,Bengaluru Urban,12.8632604,77.4338693,12.8632604,77.4338693,Southern Region
Karnataka,Chikkaballapura,13.5883185,77.78043012088901,13.5883185,77.78043012088901,Southern Region
Karnataka,Davanagere,14.25041265,75.82562831445583,14.25041265,75.82562831445583,Southern Region
Karnataka,Bagalkote,16.28998085,75.58255865030114,16.28998085,75.58255865030114,Southern Region
Karnataka,Vijayapura,16.811059649999997,75.89714732778502,16.811059649999997,75.89714732778502,Southern Region
Karnataka,Koppal,15.57825725,76.31063911702896,15.57825725,76.31063911702896,Southern Region
Karnataka,Bidar,18.02315245,77.249718672587,18.02315245,77.249718672587,Southern Region
Karnataka,Bengaluru Rural,18.02315245,77.249718672587,18.02315245,77.249718672587,Southern Region
Karnataka,Raichur,16.054719400000003,76.90160088383311,16.054719400000003,76.90160088383311,Southern Region
Karnataka,Chamarajanagara,11.9238058,76.9393558,11.9238058,76.9393558,Southern Region
Karnataka,Dakshina Kannada,12.82133045,75.22767162650372,12.82133045,75.22767162650372,Southern Region
Karnataka,Hassan,13.029374,76.17429357550145,13.029374,76.17429357550145,Southern Region
Karnataka,Dharwad,15.37259455,75.13728310525259,15.37259455,75.13728310525259,Southern Region
Karnataka,Shivamogga,13.9326093,75.574978,13.9326093,75.574978,Southern Region
Karnataka,Udupi,13.52617505,74.87325316307695,13.52617505,74.87325316307695,Southern Region
Karnataka,Gadag,15.416337,75.68075427946448,15.416337,75.68075427946448,Southern Region
Kerala,Thiruvananthapuram,10.6207081,76.1281782,10.6207081,76.1281782,Southern Region
Kerala,Kasaragod,12.42219635,75.19044457747756,12.42219635,75.19044457747756,Southern Region
Kerala,Malappuram,10.61381845,76.51663324239766,10.61381845,76.51663324239766,Southern Region
Kerala,Pathanamthitta,9.3675015,76.6586492,9.3675015,76.6586492,Southern Region
Kerala,Wayanad,11.2554224,75.78162653483244,11.2554224,75.78162653483244,Southern Region
Kerala,Alappuzha,9.777163,76.2803139,9.777163,76.2803139,Southern Region
Kerala,Kozhikode,11.46559355,75.89194000061082,11.46559355,75.89194000061082,Southern Region
Kerala,Kollam,8.8855684,76.5892353,8.8855684,76.5892353,Southern Region
Kerala,Thrissur,10.4786547,76.27261253399872,10.4786547,76.27261253399872,Southern Region
Kerala,Palakkad,10.78789845,76.47408711165895,10.78789845,76.47408711165895,Southern Region
Kerala,Kannur,11.9863343,75.54797042899436,11.9863343,75.54797042899436,Southern Region
Kerala,Kottayam,9.5003001,76.8353071,9.5003001,76.8353071,Southern Region
Kerala,Ernakulam,10.0383947,76.50741452482532,10.0383947,76.50741452482532,Southern Region
Kerala,Idukki,9.7253254,77.2103161,9.7253254,77.2103161,Southern Region
Ladakh,Kargil,33.802819,76.4730095688732,33.802819,76.4730095688732,Northern Region
Ladakh,Leh Ladakh,34.1642029,77.5848133,34.1642029,77.5848133,Northern Region
Lakshadweep,Lakshadweep,10.8132489,73.6804620941119,10.8132489,73.6804620941119,Southern Region
Madhya Pradesh,Morena,26.4961372,77.9986659,26.4961372,77.9986659,Central Region
Madhya Pradesh,Alirajpur,22.3118775,74.3555894,22.3118775,74.3555894,Central Region
Madhya Pradesh,Sehore,23.1981078,77.0812948,23.1981078,77.0812948,Central Region
Madhya Pradesh,Rajgarh,25.3338446,77.5083732,25.3338446,77.5083732,Central Region
Madhya Pradesh,Khargone,21.8318939,75.6286115,21.8318939,75.6286115,Central Region
Madhya Pradesh,Satna,24.5684403,80.8321439,24.5684403,80.8321439,Central Region
Madhya Pradesh,Narsinghpur,22.9492648,79.1856846,22.9492648,79.1856846,Central Region
Madhya Pradesh,Jabalpur,23.22420115,79.98248901574848,23.22420115,79.98248901574848,Central Region
Madhya Pradesh,Hoshangabad,22.7575717,77.7188006,22.7575717,77.7188006,Central Region
Madhya Pradesh,Vidisha,23.5200947,77.8085902,23.5200947,77.8085902,Central Region
Madhya Pradesh,Balaghat,21.8611181,80.32141872874212,21.8611181,80.32141872874212,Central Region
Madhya Pradesh,Singrauli,21.8611181,80.32141872874212,21.8611181,80.32141872874212,Central Region
Madhya Pradesh,Betul,21.9034464,77.8983504,21.9034464,77.8983504,Central Region
Madhya Pradesh,Sidhi,22.7018563,75.86663524861918,22.7018563,75.86663524861918,Central Region
Madhya Pradesh,Datia,25.6406595,78.4559832,25.6406595,78.4559832,Central Region
Madhya Pradesh,Dewas,22.9622115,76.048227,22.9622115,76.048227,Central Region
Madhya Pradesh,Sheopur,25.6760912,76.7120469,25.6760912,76.7120469,Central Region
Madhya Pradesh,Neemuch,25.6760912,76.7120469,25.6760912,76.7120469,Central Region
Madhya Pradesh,Raisen,23.3331473,77.7801239,23.3331473,77.7801239,Central Region
Madhya Pradesh,Mandsaur,24.0697229,75.0727169,24.0697229,75.0727169,Central Region
Madhya Pradesh,Barwani,22.7246439,75.8887036,22.7246439,75.8887036,Central Region
Madhya Pradesh,Katni,23.8323636,80.3920242,23.8323636,80.3920242,Central Region
Madhya Pradesh,Dindori,22.9460091,81.0751743,22.9460091,81.0751743,Central Region
Madhya Pradesh,Shivpuri,25.37524125,77.82811932629714,25.37524125,77.82811932629714,Central Region
Madhya Pradesh,Gwalior,26.2,78.2,26.2,78.2,Central Region
Madhya Pradesh,Anuppur,26.2,78.2,26.2,78.2,Central Region
Madhya Pradesh,Agar Malwa,26.2,78.2,26.2,78.2,Central Region
Madhya Pradesh,Ashoknagar,24.57719,77.73266519115776,24.57719,77.73266519115776,Central Region
Madhya Pradesh,Sagar,21.5479393,79.5481447,21.5479393,79.5481447,Central Region
Madhya Pradesh,Niwari,25.5575031,78.1466102,25.5575031,78.1466102,Central Region
Madhya Pradesh,Rewa,23.1689247,80.03308113718485,23.1689247,80.03308113718485,Central Region
Madhya Pradesh,Shajapur,23.4207601,76.27436,23.4207601,76.27436,Central Region
Madhya Pradesh,Ujjain,22.8633236,75.8543994,22.8633236,75.8543994,Central Region
Madhya Pradesh,Bhind,26.5658766,78.7826782,26.5658766,78.7826782,Central Region
Madhya Pradesh,Tikamgarh,24.7712387,78.835802,24.7712387,78.835802,Central Region
Madhya Pradesh,Seoni,21.6843487,80.2715206,21.6843487,80.2715206,Central Region
Madhya Pradesh,Harda,22.3406138,77.0934034,22.3406138,77.0934034,Central Region
Madhya Pradesh,Burhanpur,22.3406138,77.0934034,22.3406138,77.0934034,Central Region
Madhya Pradesh,Damoh,21.8979776,80.7917082,21.8979776,80.7917082,Central Region
Madhya Pradesh,Bhopal,23.2301418,77.4179774,23.2301418,77.4179774,Central Region
Madhya Pradesh,Jhabua,22.6579114,75.8850109,22.6579114,75.8850109,Central Region
Madhya Pradesh,Dhar,22.7109387,75.8334557,22.7109387,75.8334557,Central Region
Madhya Pradesh,Guna,24.646649,77.3079412,24.646649,77.3079412,Central Region
Madhya Pradesh,East Nimar,21.75,76.583333,21.75,76.583333,Central Region
Madhya Pradesh,Chhindwara,22.0509324,78.939744,22.0509324,78.939744,Central Region
Madhya Pradesh,Umaria,23.5255015,80.8343366,23.5255015,80.8343366,Central Region
Madhya Pradesh,Mandla,22.5962197,80.3702688,22.5962197,80.3702688,Central Region
Madhya Pradesh,Indore,22.71113445,75.80768747988787,22.71113445,75.80768747988787,Central Region
Madhya Pradesh,Shahdol,23.3104023,81.3702978,23.3104023,81.3702978,Central Region
Madhya Pradesh,Ratlam,22.71673845,75.88149165574566,22.71673845,75.88149165574566,Central Region
Madhya Pradesh,Panna,24.7172329,80.1873717,24.7172329,80.1873717,Central Region
Madhya Pradesh,Chhatarpur,24.9072406,79.5844054,24.9072406,79.5844054,Central Region
Maharashtra,Aurangabad,19.8799062683,75.33891908889,19.8799062683,75.33891908889,Western Region
Maharashtra,Jalgaon,24.9072406,79.5844054,24.9072406,79.5844054,Western Region
Maharashtra,Latur,18.3931679,76.56402547242254,18.3931679,76.56402547242254,Western Region
Maharashtra,Thane,19.19682175,72.9786988514791,19.19682175,72.9786988514791,Western Region
Maharashtra,Bhandara,21.1596616,79.6527375,21.1596616,79.6527375,Western Region
Maharashtra,Nandurbar,21.3386847,74.2344823,21.3386847,74.2344823,Western Region
Maharashtra,Chandrapur,19.9648425,79.2914735,19.9648425,79.2914735,Western Region
Maharashtra,Kolhapur,16.5756833,74.3125599,16.5756833,74.3125599,Western Region
Maharashtra,Solapur,17.66787665,75.90672723846026,17.66787665,75.90672723846026,Western Region
Maharashtra,Mumbai,19.0517979,72.8292773,19.0517979,72.8292773,Western Region
Maharashtra,Sindhudurg,16.11617835,73.69000425158009,16.11617835,73.69000425158009,Western Region
Maharashtra,Dhule,20.9257339,74.7771388,20.9257339,74.7771388,Western Region
Maharashtra,Wardha,20.73775615,78.60316842982326,20.73775615,78.60316842982326,Western Region
Maharashtra,Parbhani,19.2713708,76.7644813,19.2713708,76.7644813,Western Region
Maharashtra,Mumbai Suburban,19.2713708,76.7644813,19.2713708,76.7644813,Western Region
Maharashtra,Hingoli,19.7222317,77.1544772,19.7222317,77.1544772,Western Region
Maharashtra,Ratnagiri,16.9883802,73.2993118160657,16.9883802,73.2993118160657,Western Region
Maharashtra,Nanded,19.15915835,77.3032699373139,19.15915835,77.3032699373139,Western Region
Maharashtra,Osmanabad,18.18788,76.035779,18.18788,76.035779,Western Region
Maharashtra,Nagpur,21.1170373,79.1045331,21.1170373,79.1045331,Western Region
Maharashtra,Buldhana,21.1170373,79.1045331,21.1170373,79.1045331,Western Region
Maharashtra,Nashik,19.9969676,73.7782466,19.9969676,73.7782466,Western Region
Maharashtra,Akola,20.7141213,77.0065838,20.7141213,77.0065838,Western Region
Maharashtra,Yavatmal,20.3908238,78.1324077,20.3908238,78.1324077,Western Region
Maharashtra,Amravati,20.9376684,77.7781055,20.9376684,77.7781055,Western Region
Maharashtra,Washim,20.1224632,77.1311174,20.1224632,77.1311174,Western Region
Maharashtra,Sangli,16.8425456,74.60920165585244,16.8425456,74.60920165585244,Western Region
Maharashtra,Gadchiroli,20.1700227,79.97914161206661,20.1700227,79.97914161206661,Western Region
Maharashtra,Raigad,20.1700227,79.97914161206661,20.1700227,79.97914161206661,Western Region
Maharashtra,Palghar,20.1700227,79.97914161206661,20.1700227,79.97914161206661,Western Region
Maharashtra,Jalna,19.83228,75.874466,19.83228,75.874466,Western Region
Maharashtra,Gondia,19.83228,75.874466,19.83228,75.874466,Western Region
Maharashtra,Ahmednagar,19.108436,74.735394,19.108436,74.735394,Western Region
Maharashtra,Pune,18.527863,73.85568328231989,18.527863,73.85568328231989,Western Region
Maharashtra,Beed,18.9869163,75.7533207,18.9869163,75.7533207,Western Region
Maharashtra,Satara,17.6913198,74.0094374,17.6913198,74.0094374,Western Region
Manipur,Kangpokpi,17.6913198,74.0094374,17.6913198,74.0094374,North-Eastern Region
Manipur,Noney,17.6913198,74.0094374,17.6913198,74.0094374,North-Eastern Region
Manipur,Imphal East,17.6913198,74.0094374,17.6913198,74.0094374,North-Eastern Region
Manipur,Thoubal,24.84529,94.1449785,24.84529,94.1449785,North-Eastern Region
Manipur,Kakching,24.84529,94.1449785,24.84529,94.1449785,North-Eastern Region
Manipur,Jiribam,24.84529,94.1449785,24.84529,94.1449785,North-Eastern Region
Manipur,Ukhrul,25.311073800000003,94.47537752375742,25.311073800000003,94.47537752375742,North-Eastern Region
Manipur,Tamenglong,24.9855683,93.5025164,24.9855683,93.5025164,North-Eastern Region
Manipur,Kamjong,25.0,94.5,25.0,94.5,North-Eastern Region
Manipur,Chandel,25.0,94.5,25.0,94.5,North-Eastern Region
Manipur,Bishnupur,24.6319847,93.7619193,24.6319847,93.7619193,North-Eastern Region
Manipur,Senapati,25.333333,94.166667,25.333333,94.166667,North-Eastern Region
Manipur,Pherzawl,24.2634436330316,93.19096471191015,24.2634436330316,93.19096471191015,North-Eastern Region
Manipur,Churachandpur,24.3429852,93.6928709,24.3429852,93.6928709,North-Eastern Region
Manipur,Tengnoupal,24.3429852,93.6928709,24.3429852,93.6928709,North-Eastern Region
Manipur,Imphal West,24.3429852,93.6928709,24.3429852,93.6928709,North-Eastern Region
Meghalaya,North Garo Hills,24.3429852,93.6928709,24.3429852,93.6928709,North-Eastern Region
Meghalaya,South West Khasi Hills,24.3429852,93.6928709,24.3429852,93.6928709,North-Eastern Region
Meghalaya,West Garo Hills,24.3429852,93.6928709,24.3429852,93.6928709,North-Eastern Region
Meghalaya,South Garo Hills,24.3429852,93.6928709,24.3429852,93.6928709,North-Eastern Region
Meghalaya,East Jaintia Hills,24.3429852,93.6928709,24.3429852,93.6928709,North-Eastern Region
Meghalaya,South West Garo Hills,24.3429852,93.6928709,24.3429852,93.6928709,North-Eastern Region
Meghalaya,East Khasi Hills,24.3429852,93.6928709,24.3429852,93.6928709,North-Eastern Region
Meghalaya,East Garo Hills,24.3429852,93.6928709,24.3429852,93.6928709,North-Eastern Region
Meghalaya,Ribhoi,24.3429852,93.6928709,24.3429852,93.6928709,North-Eastern Region
Meghalaya,West Jaintia Hills,24.3429852,93.6928709,24.3429852,93.6928709,North-Eastern Region
Meghalaya,West Khasi Hills,24.3429852,93.6928709,24.3429852,93.6928709,North-Eastern Region
Mizoram,Serchhip,23.3078982,92.8556728,23.3078982,92.8556728,North-Eastern Region
Mizoram,Aizawl,23.3078982,92.8556728,23.3078982,92.8556728,North-Eastern Region
Mizoram,Lunglei,23.3078982,92.8556728,23.3078982,92.8556728,North-Eastern Region
Mizoram,Mamit,23.909285,92.4947387,23.909285,92.4947387,North-Eastern Region
Mizoram,Lawngtlai,22.7401468,93.0509285,22.7401468,93.0509285,North-Eastern Region
Mizoram,Kolasib,24.2314023,92.6766193,24.2314023,92.6766193,North-Eastern Region
Mizoram,Champhai,23.481,93.309599,23.481,93.309599,North-Eastern Region
Mizoram,Saiha,23.481,93.309599,23.481,93.309599,North-Eastern Region
Nagaland,Mon,26.7238973,95.0287876,26.7238973,95.0287876,North-Eastern Region
Nagaland,Phek,25.709953650000003,94.46436151085854,25.709953650000003,94.46436151085854,North-Eastern Region
Nagaland,Longleng,26.4929778,94.8042633,26.4929778,94.8042633,North-Eastern Region
Nagaland,Mokokchung,26.4929778,94.8042633,26.4929778,94.8042633,North-Eastern Region
Nagaland,Kiphire,25.8826359,94.781588,25.8826359,94.781588,North-Eastern Region
Nagaland,Kohima,25.6949988,94.12330065485534,25.6949988,94.12330065485534,North-Eastern Region
Nagaland,Tuensang,26.25,94.75,26.25,94.75,North-Eastern Region
Nagaland,Peren,25.5354667,93.7352403,25.5354667,93.7352403,North-Eastern Region
Nagaland,Dimapur,25.904959,93.731523,25.904959,93.731523,North-Eastern Region
Nagaland,Zunheboto,26.0030617,94.5236166,26.0030617,94.5236166,North-Eastern Region
Nagaland,Wokha,26.079343100000003,94.2591254527048,26.079343100000003,94.2591254527048,North-Eastern Region
Odisha,Rayagada,19.1643623,83.4077243,19.1643623,83.4077243,Eastern Region
Odisha,Koraput,18.8848483,82.5596997,18.8848483,82.5596997,Eastern Region
Odisha,Malkangiri,18.33798,81.8759462,18.33798,81.8759462,Eastern Region
Odisha,Sambalpur,21.4,83.883333,21.4,83.883333,Eastern Region
Odisha,Kalahandi,19.75,83.0,19.75,83.0,Eastern Region
Odisha,Anugul,19.75,83.0,19.75,83.0,Eastern Region
Odisha,Ganjam,19.5,84.5,19.5,84.5,Eastern Region
Odisha,Jajapur,19.5,84.5,19.5,84.5,Eastern Region
Odisha,Bargarh,21.40164,83.5826487,21.40164,83.5826487,Eastern Region
Odisha,Dhenkanal,20.6590059,85.5813728,20.6590059,85.5813728,Eastern Region
Odisha,Bhadrak,21.0654838,86.5025885,21.0654838,86.5025885,Eastern Region
Odisha,Nuapada,20.7990808,82.5346304,20.7990808,82.5346304,Eastern Region
Odisha,Kendujhar,20.7990808,82.5346304,20.7990808,82.5346304,Eastern Region
Odisha,Mayurbhanj,21.75,86.5,21.75,86.5,Eastern Region
Odisha,Jharsuguda,21.8895058,84.0485068,21.8895058,84.0485068,Eastern Region
Odisha,Kandhamal,21.8895058,84.0485068,21.8895058,84.0485068,Eastern Region
Odisha,Deogarh,21.53937805145885,84.73646090732899,21.53937805145885,84.73646090732899,Eastern Region
Odisha,Sundargarh,22.25,84.5,22.25,84.5,Eastern Region
Odisha,Jagatsinghapur,22.25,84.5,22.25,84.5,Eastern Region
Odisha,Balangir,20.7502257,83.2499464,20.7502257,83.2499464,Eastern Region
Odisha,Baleshwar,21.5,86.75,21.5,86.75,Eastern Region
Odisha,Puri,19.8142712,85.8299503,19.8142712,85.8299503,Eastern Region
Odisha,Sonepur,20.8431294,83.90634540989736,20.8431294,83.90634540989736,Eastern Region
Odisha,Khordha,20.8431294,83.90634540989736,20.8431294,83.90634540989736,Eastern Region
Odisha,Boudh,20.8431294,83.90634540989736,20.8431294,83.90634540989736,Eastern Region
Odisha,Gajapati,18.7716498,84.0968126,18.7716498,84.0968126,Eastern Region
Odisha,Nayagarh,20.1280409,85.1066485,20.1280409,85.1066485,Eastern Region
Odisha,Nabarangpur,19.2288319,82.5668344,19.2288319,82.5668344,Eastern Region
Odisha,Kendrapara,20.5021306,86.4259806,20.5021306,86.4259806,Eastern Region
Odisha,Cuttack,20.5021306,86.4259806,20.5021306,86.4259806,Eastern Region
Puducherry,Karaikal,10.91564885,79.80694879844232,10.91564885,79.80694879844232,Southern Region
Puducherry,Puducherry,11.92201155,79.7951365161579,11.92201155,79.7951365161579,Southern Region
Puducherry,Yanam,16.7332235,82.2018117763748,16.7332235,82.2018117763748,Southern Region
Puducherry,Mahe,11.70086195,75.53600908707303,11.70086195,75.53600908707303,Southern Region
Punjab,Shahid Bhagat Singh Nagar,11.70086195,75.53600908707303,11.70086195,75.53600908707303,Northern Region
Punjab,Fazilka,30.3360996,74.11794319222481,30.3360996,74.11794319222481,Northern Region
Punjab,Barnala,30.3360996,74.11794319222481,30.3360996,74.11794319222481,Northern Region
Punjab,Mansa,30.3360996,74.11794319222481,30.3360996,74.11794319222481,Northern Region
Punjab,Ludhiana,30.479765,74.5354916,30.479765,74.5354916,Northern Region
Punjab,Sri Muktsar Sahib,30.2831401,74.52299719797392,30.2831401,74.52299719797392,Northern Region
Punjab,Patiala,30.1407973,74.2001558,30.1407973,74.2001558,Northern Region
Punjab,Pathankot,32.301710400000005,75.65864246622084,32.301710400000005,75.65864246622084,Northern Region
Punjab,Fatehgarh Sahib,32.301710400000005,75.65864246622084,32.301710400000005,75.65864246622084,Northern Region
Punjab,Rupnagar,30.2102325,73.9925288,30.2102325,73.9925288,Northern Region
Punjab,Tarn Taran,31.32124525,74.84130629340785,31.32124525,74.84130629340785,Northern Region
Punjab,Sas Nagar,31.32124525,74.84130629340785,31.32124525,74.84130629340785,Northern Region
Punjab,Sangrur,31.32124525,74.84130629340785,31.32124525,74.84130629340785,Northern Region
Punjab,Jalandhar,31.32124525,74.84130629340785,31.32124525,74.84130629340785,Northern Region
Punjab,Bathinda,30.20378255,74.95031921693888,30.20378255,74.95031921693888,Northern Region
Punjab,Kapurthala,31.25,75.25,31.25,75.25,Northern Region
Punjab,Firozepur,31.25,75.25,31.25,75.25,Northern Region
Punjab,Gurdaspur,31.9042299,75.22738141098935,31.9042299,75.22738141098935,Northern Region
Punjab,Amritsar,31.3410997,74.6891758,31.3410997,74.6891758,Northern Region
Punjab,Faridkot,31.3410997,74.6891758,31.3410997,74.6891758,Northern Region
Punjab,Hoshiarpur,31.3410997,74.6891758,31.3410997,74.6891758,Northern Region
Punjab,Moga,32.033379,75.3949932,32.033379,75.3949932,Northern Region
Rajasthan,Pali,25.6051226,73.41650554658088,25.6051226,73.41650554658088,Western Region
Rajasthan,Ganganagar,29.5,74.0,29.5,74.0,Western Region
Rajasthan,Churu,28.20477805,74.69129960764752,28.20477805,74.69129960764752,Western Region
Rajasthan,Jaipur,27.1506772,75.74701641691182,27.1506772,75.74701641691182,Western Region
Rajasthan,Baran,24.92077465,76.68218371245564,24.92077465,76.68218371245564,Western Region
Rajasthan,Bhilwara,25.4889628,74.71640140204903,25.4889628,74.71640140204903,Western Region
Rajasthan,Banswara,23.4929453,74.34980159827685,23.4929453,74.34980159827685,Western Region
Rajasthan,Dungarpur,23.6723053,73.81664192753466,23.6723053,73.81664192753466,Western Region
Rajasthan,Tonk,26.122319750000003,75.66322349035153,26.122319750000003,75.66322349035153,Western Region
Rajasthan,Jodhpur,26.73668055,72.87475506802181,26.73668055,72.87475506802181,Western Region
Rajasthan,Karauli,26.51583285,77.05659651705874,26.51583285,77.05659651705874,Western Region
Rajasthan,Udaipur,24.453502,73.65234711743422,24.453502,73.65234711743422,Western Region
Rajasthan,Dausa,26.80486585,76.44374569929329,26.80486585,76.44374569929329,Western Region
Rajasthan,Nagaur,27.05890605,74.1760832159963,27.05890605,74.1760832159963,Western Region
Rajasthan,Bharatpur,27.2662364,77.36917930978375,27.2662364,77.36917930978375,Western Region
Rajasthan,Barmer,25.58325505,71.6192556088008,25.58325505,71.6192556088008,Western Region
Rajasthan,Ajmer,26.33188715,74.71697524629388,26.33188715,74.71697524629388,Western Region
Rajasthan,Chittorgarh,24.7167691,74.47217477196013,24.7167691,74.47217477196013,Western Region
Rajasthan,Hanumangarh,29.3659533,74.29842896506344,29.3659533,74.29842896506344,Western Region
Rajasthan,Pratapgarh,24.02181175,74.62410748793954,24.02181175,74.62410748793954,Western Region
Rajasthan,Sawai Madhopur,26.22901855,76.3043561491013,26.22901855,76.3043561491013,Western Region
Rajasthan,Jalore,25.343876,72.624222,25.343876,72.624222,Western Region
Rajasthan,Bikaner,28.11616165,73.11056700494197,28.11616165,73.11056700494197,Western Region
Rajasthan,Sikar,27.66241555,75.02799709983499,27.66241555,75.02799709983499,Western Region
Rajasthan,Dholpur,27.66241555,75.02799709983499,27.66241555,75.02799709983499,Western Region
Rajasthan,Sirohi,24.8114047,72.83002573160249,24.8114047,72.83002573160249,Western Region
Rajasthan,Rajsamand,25.2892459,73.8241077454327,25.2892459,73.8241077454327,Western Region
Rajasthan,Jaisalmer,27.0264162,70.77751197645885,27.0264162,70.77751197645885,Western Region
Rajasthan,Bundi,25.4367659,75.736147085863,25.4367659,75.736147085863,Western Region
Rajasthan,Jhalawar,24.31255575,76.52279955036622,24.31255575,76.52279955036622,Western Region
Rajasthan,Alwar,27.638573450000003,76.61404271796437,27.638573450000003,76.61404271796437,Western Region
Rajasthan,Kota,25.196682950000003,76.00096873038872,25.196682950000003,76.00096873038872,Western Region
Rajasthan,Jhunjhunu,25.196682950000003,76.00096873038872,25.196682950000003,76.00096873038872,Western Region
Sikkim,East,27.329005297,88.6098698391,27.329005297,88.6098698391,Eastern Region
Sikkim,North,27.504893699,88.53981499,27.504893699,88.53981499,Eastern Region
Sikkim,South,27.1709126829,88.3668023,27.1709126829,88.3668023,Eastern Region
Sikkim,West,27.315686000131,88.237183386863,27.315686000131,88.237183386863,Eastern Region
Tamil Nadu,Tiruchirappalli,10.85046075,78.72453299229292,10.85046075,78.72453299229292,Southern Region
Tamil Nadu,Ramanathapuram,9.5205576,78.51846345155016,9.5205576,78.51846345155016,Southern Region
Tamil Nadu,Krishnagiri,12.5150555,78.00762134333985,12.5150555,78.00762134333985,Southern Region
Tamil Nadu,Cuddalore,11.52020705,79.33963564750636,11.52020705,79.33963564750636,Southern Region
Tamil Nadu,Kancheepuram,12.87960515,79.70427615297989,12.87960515,79.70427615297989,Southern Region
Tamil Nadu,Tiruppur,10.791526650000002,77.53254662905589,10.791526650000002,77.53254662905589,Southern Region
Tamil Nadu,Dharmapuri,12.14561305,78.11322171666458,12.14561305,78.11322171666458,Southern Region
Tamil Nadu,Thoothukkudi,8.84570345,77.99381783527917,8.84570345,77.99381783527917,Southern Region
Tamil Nadu,Thanjavur,10.65903695,79.20142776213416,10.65903695,79.20142776213416,Southern Region
Tamil Nadu,Madurai,9.9369266,78.00782300920798,9.9369266,78.00782300920798,Southern Region
Tamil Nadu,Tiruvannamalai,12.22713775,79.07012882091152,12.22713775,79.07012882091152,Southern Region
Tamil Nadu,Salem,11.64696155,78.21069575456464,11.64696155,78.21069575456464,Southern Region
Tamil Nadu,Nagapattinam,10.60262025,79.7619347994777,10.60262025,79.7619347994777,Southern Region
Tamil Nadu,Tirupathur,12.4533064,78.55290857022919,12.4533064,78.55290857022919,Southern Region
Tamil Nadu,Ariyalur,11.1530559,79.25857973608959,11.1530559,79.25857973608959,Southern Region
Tamil Nadu,Chennai,13.05843605,80.23610502517248,13.05843605,80.23610502517248,Southern Region
Tamil Nadu,The Nilgiris,11.4454657,76.69864649371819,11.4454657,76.69864649371819,Southern Region
Tamil Nadu,Erode,11.49052815,77.35052739885393,11.49052815,77.35052739885393,Southern Region
Tamil Nadu,Karur,10.8217671,78.38286541157868,10.8217671,78.38286541157868,Southern Region
Tamil Nadu,Kallakkurichi,11.690524,78.98242156692304,11.690524,78.98242156692304,Southern Region
Tamil Nadu,Viluppuram,12.11669665,79.59892355244544,12.11669665,79.59892355244544,Southern Region
Tamil Nadu,Pudukkottai,10.2903072,78.81736165831396,10.2903072,78.81736165831396,Southern Region
Tamil Nadu,Perambalur,11.2902641,78.9300404012642,11.2902641,78.9300404012642,Southern Region
Tamil Nadu,Coimbatore,10.81357895,77.0797776943048,10.81357895,77.0797776943048,Southern Region
Tamil Nadu,Virudhunagar,9.4926289,77.86316901187504,9.4926289,77.86316901187504,Southern Region
Tamil Nadu,Dindigul,10.42568965,77.815663999998,10.42568965,77.815663999998,Southern Region
Tamil Nadu,Sivaganga,9.851231,78.53047154820717,9.851231,78.53047154820717,Southern Region
Tamil Nadu,Tenkasi,9.09407535,77.47583689833286,9.09407535,77.47583689833286,Southern Region
Tamil Nadu,Chengalpattu,12.636245,80.0653519331311,12.636245,80.0653519331311,Southern Region
Tamil Nadu,Kanniyakumari,11.0600516,77.0679581,11.0600516,77.0679581,Southern Region
Tamil Nadu,Tirunelveli,8.5495014,77.58051775636523,8.5495014,77.58051775636523,Southern Region
Tamil Nadu,Thiruvallur,13.2533992,80.05462674586394,13.2533992,80.05462674586394,Southern Region
Tamil Nadu,Theni,9.86924895,77.42258419359165,9.86924895,77.42258419359165,Southern Region
Tamil Nadu,Ranipet,12.91862425,79.40819212569048,12.91862425,79.40819212569048,Southern Region
Tamil Nadu,Namakkal,11.30338895,78.1186040211884,11.30338895,78.1186040211884,Southern Region
Tamil Nadu,Vellore,12.9009299,79.06148441803552,12.9009299,79.06148441803552,Southern Region
Tamil Nadu,Thiruvarur,10.6878621,79.49794371209825,10.6878621,79.49794371209825,Southern Region
Telangana,Narayanpet,10.6878621,79.49794371209825,10.6878621,79.49794371209825,Southern Region
Telangana,Nalgonda,17.0557615,79.2779955,17.0557615,79.2779955,Southern Region
Telangana,Jangaon,17.0557615,79.2779955,17.0557615,79.2779955,Southern Region
Telangana,Bhadradri Kothagudem,17.0557615,79.2779955,17.0557615,79.2779955,Southern Region
Telangana,Warangal Rural,17.0557615,79.2779955,17.0557615,79.2779955,Southern Region
Telangana,Kumuram Bheem Asifabad,17.0557615,79.2779955,17.0557615,79.2779955,Southern Region
Telangana,Nizamabad,18.6687404,78.0989938,18.6687404,78.0989938,Southern Region
Telangana,Adilabad,19.1040149,78.340105,19.1040149,78.340105,Southern Region
Telangana,Rajanna Sircilla,19.1040149,78.340105,19.1040149,78.340105,Southern Region
Telangana,Nagarkurnool,19.1040149,78.340105,19.1040149,78.340105,Southern Region
Telangana,Peddapalle,19.1040149,78.340105,19.1040149,78.340105,Southern Region
Telangana,Nirmal,19.1040149,78.340105,19.1040149,78.340105,Southern Region
Telangana,Mahabubabad,19.1040149,78.340105,19.1040149,78.340105,Southern Region
Telangana,Sangareddy,19.1040149,78.340105,19.1040149,78.340105,Southern Region
Telangana,Wanaparthy,16.3637095,78.0647251,16.3637095,78.0647251,Southern Region
Telangana,Vikarabad,16.3637095,78.0647251,16.3637095,78.0647251,Southern Region
Telangana,Jagtial,16.3637095,78.0647251,16.3637095,78.0647251,Southern Region
Telangana,Yadadri Bhuvanagiri,16.3637095,78.0647251,16.3637095,78.0647251,Southern Region
Telangana,Medak,16.3637095,78.0647251,16.3637095,78.0647251,Southern Region
Telangana,Mahbubnagar,16.5,78.25,16.5,78.25,Southern Region
Telangana,Jaya Shankar Bhalupally,16.5,78.25,16.5,78.25,Southern Region
Telangana,Warangal Urban,16.5,78.25,16.5,78.25,Southern Region
Telangana,Rangareddy,16.5,78.25,16.5,78.25,Southern Region
Telangana,Hyderabad,16.5,78.25,16.5,78.25,Southern Region
Telangana,Suryapet,16.5,78.25,16.5,78.25,Southern Region
Telangana,Jogulamba Gadwal,16.5,78.25,16.5,78.25,Southern Region
Telangana,Kamareddy,16.5,78.25,16.5,78.25,Southern Region
Telangana,Mulugu,16.5,78.25,16.5,78.25,Southern Region
Telangana,Medchal Malkajgiri,16.5,78.25,16.5,78.25,Southern Region
Telangana,Karimnagar,18.4424788,79.1307265573114,18.4424788,79.1307265573114,Southern Region
Telangana,Mancherial,18.4424788,79.1307265573114,18.4424788,79.1307265573114,Southern Region
Telangana,Siddipet,18.03098145,78.8783964556235,18.03098145,78.8783964556235,Southern Region
Telangana,Khammam,17.250782,80.1524,17.250782,80.1524,Southern Region
Tripura,Unakoti,24.304628,92.033346,24.304628,92.033346,North-Eastern Region
Tripura,Khowai,24.0715915,91.6025823,24.0715915,91.6025823,North-Eastern Region
Tripura,Sepahijala,24.0715915,91.6025823,24.0715915,91.6025823,North-Eastern Region
Tripura,North Tripura,23.9922833,91.856786,23.9922833,91.856786,North-Eastern Region
Tripura,Dhalai,23.9551603,91.8252174,23.9551603,91.8252174,North-Eastern Region
Tripura,South Tripura,23.5,91.666667,23.5,91.666667,North-Eastern Region
Tripura,Gomati,23.4848604,91.4983684,23.4848604,91.4983684,North-Eastern Region
Tripura,West Tripura,23.916667,91.5,23.916667,91.5,North-Eastern Region
Uttar Pradesh,Balrampur,26.0849232204,83.1977435446,26.0849232204,83.1977435446,Central Region
Uttar Pradesh,Hamirpur,25.9522649791,80.150605438,25.9522649791,80.150605438,Central Region
Uttar Pradesh,Pratapgarh,25.9219600442,82.0024335326,25.9219600442,82.0024335326,Central Region
Uttar Pradesh,Amethi,26.1561764,81.80450839427581,26.1561764,81.80450839427581,Central Region
Uttar Pradesh,Siddharthnagar,26.1561764,81.80450839427581,26.1561764,81.80450839427581,Central Region
Uttar Pradesh,Auraiya,26.1561764,81.80450839427581,26.1561764,81.80450839427581,Central Region
Uttar Pradesh,Sambhal,26.1561764,81.80450839427581,26.1561764,81.80450839427581,Central Region
Uttar Pradesh,Kanpur Nagar,26.1561764,81.80450839427581,26.1561764,81.80450839427581,Central Region
Uttar Pradesh,Aligarh,27.87698975,78.13729027600994,27.87698975,78.13729027600994,Central Region
Uttar Pradesh,Mahoba,25.292924,79.8848158,25.292924,79.8848158,Central Region
Uttar Pradesh,Lucknow,28.8067822,79.0140742,28.8067822,79.0140742,Central Region
Uttar Pradesh,Sant Kabeer Nagar,28.8067822,79.0140742,28.8067822,79.0140742,Central Region
Uttar Pradesh,Hathras,27.5996322,78.0497369,27.5996322,78.0497369,Central Region
Uttar Pradesh,Budaun,28.027692,79.1254409,28.027692,79.1254409,Central Region
Uttar Pradesh,Moradabad,29.0786044,79.0507168,29.0786044,79.0507168,Central Region
Uttar Pradesh,Kushinagar,26.8632735,83.9553228,26.8632735,83.9553228,Central Region
Uttar Pradesh,Baghpat,28.9464293,77.2170076,28.9464293,77.2170076,Central Region
Uttar Pradesh,Shahjahanpur,27.8552433,79.8944047,27.8552433,79.8944047,Central Region
Uttar Pradesh,Muzaffarnagar,27.8552433,79.8944047,27.8552433,79.8944047,Central Region
Uttar Pradesh,Ambedkar Nagar,28.6400895,77.42868,28.6400895,77.42868,Central Region
Uttar Pradesh,Bahraich,27.5727012,81.6061717,27.5727012,81.6061717,Central Region
Uttar Pradesh,Jalaun,26.0,79.5,26.0,79.5,Central Region
Uttar Pradesh,Rampur,28.79406825,79.1859304458554,28.79406825,79.1859304458554,Central Region
Uttar Pradesh,Ballia,25.7506229,84.1472,25.7506229,84.1472,Central Region
Uttar Pradesh,Shravasti,25.7506229,84.1472,25.7506229,84.1472,Central Region
Uttar Pradesh,Kasganj,27.969777,78.5981655,27.969777,78.5981655,Central Region
Uttar Pradesh,Varanasi,25.1297376,82.6059987,25.1297376,82.6059987,Central Region
Uttar Pradesh,Gautam Buddha Nagar,28.5770068,77.3394731,28.5770068,77.3394731,Central Region
Uttar Pradesh,Basti,28.630261,77.4133068,28.630261,77.4133068,Central Region
Uttar Pradesh,Shamli,28.630261,77.4133068,28.630261,77.4133068,Central Region
Uttar Pradesh,Maharajganj,27.1436733,83.5395965,27.1436733,83.5395965,Central Region
Uttar Pradesh,Etawah,26.7879984,79.0061831,26.7879984,79.0061831,Central Region
Uttar Pradesh,Etah,27.5562222,78.658988,27.5562222,78.658988,Central Region
Uttar Pradesh,Banda,25.4892744,80.33507542764347,25.4892744,80.33507542764347,Central Region
Uttar Pradesh,Bijnor,29.3843229,78.13645,29.3843229,78.13645,Central Region
Uttar Pradesh,Hardoi,28.0047122,78.476874,28.0047122,78.476874,Central Region
Uttar Pradesh,Amroha,28.0047122,78.476874,28.0047122,78.476874,Central Region
Uttar Pradesh,Pilibhit,28.49520765,80.10754080018077,28.49520765,80.10754080018077,Central Region
Uttar Pradesh,Mainpuri,27.2307398,79.0406375,27.2307398,79.0406375,Central Region
Uttar Pradesh,Kanpur Dehat,27.2307398,79.0406375,27.2307398,79.0406375,Central Region
Uttar Pradesh,Jaunpur,25.7592013,82.6968142,25.7592013,82.6968142,Central Region
Uttar Pradesh,Kaushambi,28.64364045,77.32463494964549,28.64364045,77.32463494964549,Central Region
Uttar Pradesh,Hapur,28.7299677,77.775499,28.7299677,77.775499,Central Region
Uttar Pradesh,Meerut,28.6859637,77.43533643685419,28.6859637,77.43533643685419,Central Region
Uttar Pradesh,Mathura,27.5591791,77.68175451707637,27.5591791,77.68175451707637,Central Region
Uttar Pradesh,Chitrakoot,25.19631215,80.91390945066726,25.19631215,80.91390945066726,Central Region
Uttar Pradesh,Lalitpur,24.6967125,78.411697,24.6967125,78.411697,Central Region
Uttar Pradesh,Mau,25.2133779,83.0334827,25.2133779,83.0334827,Central Region
Uttar Pradesh,Mirzapur,24.9325993,82.64710860698771,24.9325993,82.64710860698771,Central Region
Uttar Pradesh,Bulandshahr,24.9325993,82.64710860698771,24.9325993,82.64710860698771,Central Region
Uttar Pradesh,Gonda,27.8306549,77.8773701,27.8306549,77.8773701,Central Region
Uttar Pradesh,Jhansi,28.6839951,77.4530398,28.6839951,77.4530398,Central Region
Uttar Pradesh,Chandauli,28.6839951,77.4530398,28.6839951,77.4530398,Central Region
Uttar Pradesh,Bhadohi,28.6839951,77.4530398,28.6839951,77.4530398,Central Region
Uttar Pradesh,Saharanpur,29.95566895,77.5596488632492,29.95566895,77.5596488632492,Central Region
Uttar Pradesh,Bara Banki,26.9013312,81.2151601,26.9013312,81.2151601,Central Region
Uttar Pradesh,Bareilly,28.457876,79.40557093743058,28.457876,79.40557093743058,Central Region
Uttar Pradesh,Sitapur,28.3548882,79.4185378,28.3548882,79.4185378,Central Region
Uttar Pradesh,Sultanpur,26.2627557,82.069966,26.2627557,82.069966,Central Region
Uttar Pradesh,Agra,27.1705419,78.0107255,27.1705419,78.0107255,Central Region
Uttar Pradesh,Fatehpur,27.1705419,78.0107255,27.1705419,78.0107255,Central Region
Uttar Pradesh,Rae Bareli,26.25,81.25,26.25,81.25,Central Region
Uttar Pradesh,Firozabad,28.3800183,79.4181912,28.3800183,79.4181912,Central Region
Uttar Pradesh,Kheri,28.4299696,80.3176448,28.4299696,80.3176448,Central Region
Uttar Pradesh,Gorakhpur,26.7494212,83.3665766,26.7494212,83.3665766,Central Region
Uttar Pradesh,Unnao,26.5,80.5,26.5,80.5,Central Region
Uttar Pradesh,Prayagraj,25.5,81.5,25.5,81.5,Central Region
Uttar Pradesh,Sonbhadra,25.5,81.5,25.5,81.5,Central Region
Uttar Pradesh,Ghazipur,28.6643991,77.3208548,28.6643991,77.3208548,Central Region
Uttar Pradesh,Farrukhabad,27.3817304,79.602854,27.3817304,79.602854,Central Region
Uttar Pradesh,Kannauj,27.3817304,79.602854,27.3817304,79.602854,Central Region
Uttar Pradesh,Azamgarh,26.0637645,83.1833871,26.0637645,83.1833871,Central Region
Uttar Pradesh,Ayodhya,26.0637645,83.1833871,26.0637645,83.1833871,Central Region
Uttar Pradesh,Deoria,28.3778393,79.9337825,28.3778393,79.9337825,Central Region
Uttar Pradesh,Ghaziabad,28.711241,77.4445372,28.711241,77.4445372,Central Region
Uttarakhand,Bageshwar,28.711241,77.4445372,28.711241,77.4445372,Northern Region
Uttarakhand,Udham Singh Nagar,28.711241,77.4445372,28.711241,77.4445372,Northern Region
Uttarakhand,Haridwar,30.1921734,79.1874877,30.1921734,79.1874877,Northern Region
Uttarakhand,Champawat,29.3321606,80.0928787,29.3321606,80.0928787,Northern Region
Uttarakhand,Nainital,29.2185482,79.52951525,29.2185482,79.52951525,Northern Region
Uttarakhand,Dehradun,29.2185482,79.52951525,29.2185482,79.52951525,Northern Region
Uttarakhand,Chamoli,30.4996323,79.61879245944404,30.4996323,79.61879245944404,Northern Region
Uttarakhand,Almora,30.6309236,78.1603603,30.6309236,78.1603603,Northern Region
Uttarakhand,Uttarkashi,30.9654214,78.63368731187963,30.9654214,78.63368731187963,Northern Region
Uttarakhand,Pithoragarh,30.12666775,80.48338013734374,30.12666775,80.48338013734374,Northern Region
Uttarakhand,Rudraprayag,30.2864682,78.9814996,30.2864682,78.9814996,Northern Region
Uttarakhand,Pauri Garhwal,30.1507888,78.7737617,30.1507888,78.7737617,Northern Region
Uttarakhand,Tehri Garhwal,30.5,78.666667,30.5,78.666667,Northern Region
West Bengal,South Twenty Four Parganas,30.5,78.666667,30.5,78.666667,Eastern Region
West Bengal,Purba Bardhaman,30.5,78.666667,30.5,78.666667,Eastern Region
West Bengal,Uttar Dinajpur,25.6098202,88.1327333,25.6098202,88.1327333,Eastern Region
West Bengal,Kalimpong,27.02787695,88.64606085772425,27.02787695,88.64606085772425,Eastern Region
West Bengal,Murshidabad,24.08632855,88.26684963941861,24.08632855,88.26684963941861,Eastern Region
West Bengal,Paschim Medinipur,21.8360051,87.4317229,21.8360051,87.4317229,Eastern Region
West Bengal,Dakshin Dinajpur,21.8360051,87.4317229,21.8360051,87.4317229,Eastern Region
West Bengal,Jalpaiguri,26.62648365,88.73407701468993,26.62648365,88.73407701468993,Eastern Region
West Bengal,Purulia,23.3409582,86.359433,23.3409582,86.359433,Eastern Region
West Bengal,North Twenty Four Parganas,23.3409582,86.359433,23.3409582,86.359433,Eastern Region
West Bengal,Bankura,23.0662415,87.3251923,23.0662415,87.3251923,Eastern Region
West Bengal,Jhargram,22.447609,86.998449,22.447609,86.998449,Eastern Region
West Bengal,Howrah,22.5801698,88.3362713,22.5801698,88.3362713,Eastern Region
West Bengal,Hooghly,22.8924411,88.3994271,22.8924411,88.3994271,Eastern Region
West Bengal,Kolkata,26.5257678,88.7198637,26.5257678,88.7198637,Eastern Region
West Bengal,Koch Bihar,26.25,89.5,26.25,89.5,Eastern Region
West Bengal,Alipurduar,26.4811994,89.5279728,26.4811994,89.5279728,Eastern Region
West Bengal,Paschim Bardhaman,26.4811994,89.5279728,26.4811994,89.5279728,Eastern Region
West Bengal,Nadia,23.4056806,88.4913312,23.4056806,88.4913312,Eastern Region
West Bengal,Birbhum,24.0,87.583333,24.0,87.583333,Eastern Region
West Bengal,Purba Medinipur,22.2788123,87.92250435718134,22.2788123,87.92250435718134,Eastern Region
West Bengal,Maldah,25.0,88.0,25.0,88.0,Eastern Region
West Bengal,Darjiling,26.75,88.25,26.75,88.25,Eastern Region
